second,requests,rps,avg_latency_ms,p95_latency_ms,p99_latency_ms,success_count,error_count
5,1639,1639,30.54,46.52,94.12,1639,0
6,1706,1706,29.37,47.18,93.84,1706,0
7,1703,1703,29.52,40.86,103.01,1703,0
8,1536,1536,32.26,49.99,77.01,1536,0
9,1800,1800,27.72,59.13,111.14,1800,0
10,1856,1856,27.01,45.70,81.88,1856,0
11,1860,1860,26.82,43.05,79.36,1860,0
12,1734,1734,28.96,65.68,93.71,1734,0
13,1811,1811,27.55,44.98,77.76,1811,0
14,1777,1777,28.13,42.92,84.81,1777,0
15,1571,1571,31.60,52.71,96.79,1571,0
16,1852,1852,27.08,37.55,89.26,1852,0
17,1753,1753,28.67,42.64,97.11,1753,0
18,1780,1780,28.02,42.82,79.14,1780,0
19,1966,1966,25.31,38.88,76.01,1966,0
20,1763,1763,28.50,40.63,85.96,1763,0
21,1421,1421,35.53,56.35,104.84,1421,0
22,1529,1529,32.17,49.06,96.73,1529,0
23,1908,1908,26.23,40.77,82.58,1908,0
24,1939,1939,25.73,38.20,83.31,1939,0
25,1906,1906,26.25,38.66,80.63,1906,0
26,1798,1798,27.78,51.18,82.69,1798,0
27,1693,1693,29.54,48.24,115.33,1693,0
28,1572,1572,31.88,58.88,94.20,1572,0
29,1664,1664,29.94,43.48,92.18,1664,0
30,1858,1858,26.99,37.19,141.79,1858,0
31,1932,1932,25.79,38.56,81.77,1932,0
32,1766,1766,28.47,54.05,88.10,1766,0
33,1622,1622,30.63,46.67,125.25,1622,0
34,1310,1310,38.61,69.98,91.98,1310,0
35,1088,1088,45.97,69.39,99.45,1088,0
36,1115,1115,44.31,76.25,124.17,1115,0
37,1516,1516,32.92,51.26,98.18,1516,0
38,1781,1781,28.12,44.22,80.33,1781,0
39,1876,1876,26.59,39.10,83.06,1876,0
40,1838,1838,27.20,38.70,86.90,1838,0
41,1710,1710,29.19,55.98,111.41,1710,0
42,1755,1755,28.56,40.39,96.29,1755,0
43,1407,1407,35.57,76.25,108.55,1407,0
44,1796,1796,27.78,39.26,75.90,1796,0
45,1679,1679,29.92,48.99,82.26,1679,0
46,1753,1753,28.29,52.96,111.47,1753,0
47,1632,1632,30.73,76.59,87.75,1632,0
48,1700,1700,29.38,45.96,113.96,1700,0
49,1805,1805,27.78,41.97,80.48,1805,0
50,1629,1629,30.54,46.53,83.78,1629,0
51,1787,1787,27.96,44.11,92.29,1787,0
52,1667,1667,29.95,47.80,85.20,1667,0
53,1738,1738,28.76,43.15,81.37,1738,0
54,1880,1880,26.56,50.05,89.57,1880,0
55,1791,1791,27.91,40.32,88.61,1791,0
56,1591,1591,31.80,47.59,79.34,1591,0
57,1514,1514,32.60,53.55,80.74,1514,0
58,1669,1669,29.97,62.49,81.99,1669,0
59,1726,1726,29.22,41.29,89.31,1726,0
